{"cameraMode":{"drawMode":0,"name":"Shaded","section":"Shading Mode"},"sceneLighting":true,"audioPlay":false,"sceneViewState":{"m_AlwaysRefresh":false,"showFog":true,"showSkybox":true,"showFlares":true,"showImageEffects":true,"showParticleSystems":true,"showVisualEffectGraphs":true,"m_FxEnabled":true},"in2DMode":false,"pivot":{"x":-10.190143585205079,"y":-2.589095115661621,"z":-23.408767700195314},"rotation":{"x":-0.02342328429222107,"y":0.9689071178436279,"z":-0.10094542801380158,"w":-0.22483287751674653},"size":18.396528244018556,"orthographic":false}